-- MySQL dump 10.13  Distrib 8.0.19, for osx10.14 (x86_64)
--
-- Host: localhost    Database: movie_booking
-- ------------------------------------------------------
-- Server version	5.7.27

/*!40101 SET @OLD_CHARACTER_SET_CLIENT=@@CHARACTER_SET_CLIENT */;
/*!40101 SET @OLD_CHARACTER_SET_RESULTS=@@CHARACTER_SET_RESULTS */;
/*!40101 SET @OLD_COLLATION_CONNECTION=@@COLLATION_CONNECTION */;
/*!50503 SET NAMES utf8mb4 */;
/*!40103 SET @OLD_TIME_ZONE=@@TIME_ZONE */;
/*!40103 SET TIME_ZONE='+00:00' */;
/*!40014 SET @OLD_UNIQUE_CHECKS=@@UNIQUE_CHECKS, UNIQUE_CHECKS=0 */;
/*!40014 SET @OLD_FOREIGN_KEY_CHECKS=@@FOREIGN_KEY_CHECKS, FOREIGN_KEY_CHECKS=0 */;
/*!40101 SET @OLD_SQL_MODE=@@SQL_MODE, SQL_MODE='NO_AUTO_VALUE_ON_ZERO' */;
/*!40111 SET @OLD_SQL_NOTES=@@SQL_NOTES, SQL_NOTES=0 */;

--
-- Table structure for table `TBL_Cinema`
--

DROP TABLE IF EXISTS `TBL_Cinema`;
/*!40101 SET @saved_cs_client     = @@character_set_client */;
/*!50503 SET character_set_client = utf8mb4 */;
CREATE TABLE `TBL_Cinema` (
  `cinema_id` int(11) NOT NULL AUTO_INCREMENT,
  `cinema_name` varchar(11) NOT NULL,
  `extraData` json DEFAULT NULL,
  `created_at` timestamp NOT NULL DEFAULT CURRENT_TIMESTAMP,
  `modified_at` timestamp NOT NULL DEFAULT CURRENT_TIMESTAMP ON UPDATE CURRENT_TIMESTAMP,
  `is_open` tinyint(1) NOT NULL DEFAULT '1',
  PRIMARY KEY (`cinema_id`),
  UNIQUE KEY `cinema_name` (`cinema_name`)
) ENGINE=InnoDB AUTO_INCREMENT=5 DEFAULT CHARSET=utf8;
/*!40101 SET character_set_client = @saved_cs_client */;

--
-- Dumping data for table `TBL_Cinema`
--

LOCK TABLES `TBL_Cinema` WRITE;
/*!40000 ALTER TABLE `TBL_Cinema` DISABLE KEYS */;
INSERT INTO `TBL_Cinema` VALUES (1,'Cinema1',NULL,'2020-02-17 18:12:04','2020-02-17 18:12:04',1),(2,'Cinema2',NULL,'2020-02-17 18:12:04','2020-02-17 18:12:04',1),(3,'Cinema3',NULL,'2020-02-17 18:12:04','2020-02-17 18:12:04',1),(4,'Cinema4',NULL,'2020-02-17 18:12:04','2020-02-17 18:12:04',1);
/*!40000 ALTER TABLE `TBL_Cinema` ENABLE KEYS */;
UNLOCK TABLES;

--
-- Table structure for table `TBL_Customer`
--

DROP TABLE IF EXISTS `TBL_Customer`;
/*!40101 SET @saved_cs_client     = @@character_set_client */;
/*!50503 SET character_set_client = utf8mb4 */;
CREATE TABLE `TBL_Customer` (
  `customer_id` int(11) NOT NULL AUTO_INCREMENT,
  `name` varchar(128) NOT NULL,
  `email` varchar(128) NOT NULL,
  `password` varchar(128) NOT NULL,
  `role` enum('USER','ADMIN') NOT NULL DEFAULT 'USER',
  `created_at` timestamp NOT NULL DEFAULT CURRENT_TIMESTAMP,
  `modified_at` timestamp NOT NULL DEFAULT CURRENT_TIMESTAMP ON UPDATE CURRENT_TIMESTAMP,
  PRIMARY KEY (`customer_id`),
  UNIQUE KEY `TBL_Customer_uk_1` (`name`,`email`)
) ENGINE=InnoDB DEFAULT CHARSET=utf8;
/*!40101 SET character_set_client = @saved_cs_client */;

--
-- Dumping data for table `TBL_Customer`
--

LOCK TABLES `TBL_Customer` WRITE;
/*!40000 ALTER TABLE `TBL_Customer` DISABLE KEYS */;
/*!40000 ALTER TABLE `TBL_Customer` ENABLE KEYS */;
UNLOCK TABLES;

--
-- Table structure for table `TBL_Hall`
--

DROP TABLE IF EXISTS `TBL_Hall`;
/*!40101 SET @saved_cs_client     = @@character_set_client */;
/*!50503 SET character_set_client = utf8mb4 */;
CREATE TABLE `TBL_Hall` (
  `hall_id` int(11) NOT NULL AUTO_INCREMENT,
  `hall_code` varchar(8) NOT NULL,
  `cinema_id` int(11) NOT NULL,
  `hall_row_count` int(11) NOT NULL,
  `hall_col_count` int(11) NOT NULL,
  `is_available` tinyint(1) NOT NULL DEFAULT '1',
  `created_at` timestamp NOT NULL DEFAULT CURRENT_TIMESTAMP,
  `modified_at` timestamp NOT NULL DEFAULT CURRENT_TIMESTAMP ON UPDATE CURRENT_TIMESTAMP,
  PRIMARY KEY (`hall_id`),
  UNIQUE KEY `TBL_Hall_hall_code_cinema_id_uk_1` (`hall_code`,`cinema_id`),
  KEY `TBL_Hall_cinema_id_fk_1` (`cinema_id`),
  CONSTRAINT `TBL_Hall_cinema_id_fk_1` FOREIGN KEY (`cinema_id`) REFERENCES `TBL_Cinema` (`cinema_id`)
) ENGINE=InnoDB AUTO_INCREMENT=5 DEFAULT CHARSET=utf8;
/*!40101 SET character_set_client = @saved_cs_client */;

--
-- Dumping data for table `TBL_Hall`
--

LOCK TABLES `TBL_Hall` WRITE;
/*!40000 ALTER TABLE `TBL_Hall` DISABLE KEYS */;
INSERT INTO `TBL_Hall` VALUES (1,'C1A',1,10,30,1,'2020-02-17 18:12:04','2020-02-17 18:12:04'),(2,'C2A',2,10,30,1,'2020-02-17 18:12:04','2020-02-17 18:12:04'),(3,'C3A',3,10,30,1,'2020-02-17 18:12:04','2020-02-17 18:12:04'),(4,'C4A',4,10,30,1,'2020-02-17 18:12:04','2020-02-17 18:12:04');
/*!40000 ALTER TABLE `TBL_Hall` ENABLE KEYS */;
UNLOCK TABLES;

--
-- Table structure for table `TBL_LiveShow`
--

DROP TABLE IF EXISTS `TBL_LiveShow`;
/*!40101 SET @saved_cs_client     = @@character_set_client */;
/*!50503 SET character_set_client = utf8mb4 */;
CREATE TABLE `TBL_LiveShow` (
  `live_show_id` int(11) NOT NULL AUTO_INCREMENT,
  `show_id` int(11) NOT NULL,
  `hall_id` int(11) NOT NULL,
  `created_at` timestamp NOT NULL DEFAULT CURRENT_TIMESTAMP,
  `modified_at` timestamp NOT NULL DEFAULT CURRENT_TIMESTAMP ON UPDATE CURRENT_TIMESTAMP,
  PRIMARY KEY (`live_show_id`),
  UNIQUE KEY `TBL_LiveShow_uk_1` (`show_id`,`hall_id`),
  KEY `TBL_LiveShow_hall_id_fk_1` (`hall_id`),
  CONSTRAINT `TBL_LiveShow_hall_id_fk_1` FOREIGN KEY (`hall_id`) REFERENCES `TBL_Hall` (`hall_id`),
  CONSTRAINT `TBL_LiveShow_show_id_fk_2` FOREIGN KEY (`show_id`) REFERENCES `TBL_Show` (`show_id`)
) ENGINE=InnoDB AUTO_INCREMENT=4 DEFAULT CHARSET=utf8;
/*!40101 SET character_set_client = @saved_cs_client */;

--
-- Dumping data for table `TBL_LiveShow`
--

LOCK TABLES `TBL_LiveShow` WRITE;
/*!40000 ALTER TABLE `TBL_LiveShow` DISABLE KEYS */;
INSERT INTO `TBL_LiveShow` VALUES (1,1,1,'2020-02-17 18:12:04','2020-02-17 18:12:04'),(2,2,2,'2020-02-17 18:12:04','2020-02-17 18:12:04'),(3,3,3,'2020-02-17 18:12:04','2020-02-17 18:12:04');
/*!40000 ALTER TABLE `TBL_LiveShow` ENABLE KEYS */;
UNLOCK TABLES;

--
-- Table structure for table `TBL_ScheduledLiveShow`
--

DROP TABLE IF EXISTS `TBL_ScheduledLiveShow`;
/*!40101 SET @saved_cs_client     = @@character_set_client */;
/*!50503 SET character_set_client = utf8mb4 */;
CREATE TABLE `TBL_ScheduledLiveShow` (
  `scheduled_live_show_id` int(11) NOT NULL AUTO_INCREMENT,
  `live_show_id` int(11) NOT NULL,
  `show_start_time` datetime NOT NULL,
  `show_end_time` datetime NOT NULL,
  `tickets_price` int(11) NOT NULL,  -- Amount is in paisa
  `created_at` timestamp NOT NULL DEFAULT CURRENT_TIMESTAMP,
  `modified_at` timestamp NOT NULL DEFAULT CURRENT_TIMESTAMP ON UPDATE CURRENT_TIMESTAMP,
  PRIMARY KEY (`scheduled_live_show_id`),
  UNIQUE KEY `TBL_ScheduledLiveShow_uk_1` (`live_show_id`,`show_start_time`,`show_end_time`),
  CONSTRAINT `TBL_ScheduledLiveShow_live_show_id_fk_1` FOREIGN KEY (`live_show_id`) REFERENCES `TBL_LiveShow` (`live_show_id`)
) ENGINE=InnoDB AUTO_INCREMENT=10 DEFAULT CHARSET=utf8;
/*!40101 SET character_set_client = @saved_cs_client */;

--
-- Dumping data for table `TBL_ScheduledLiveShow`
--

LOCK TABLES `TBL_ScheduledLiveShow` WRITE;
/*!40000 ALTER TABLE `TBL_ScheduledLiveShow` DISABLE KEYS */;
INSERT INTO `TBL_ScheduledLiveShow` VALUES (1,1,'2020-02-20 10:00:00','2020-02-20 12:00:00',25000,'2020-02-17 18:12:04','2020-02-17 18:12:04'),(2,1,'2020-02-21 10:00:00','2020-02-21 12:00:00',25000,'2020-02-17 18:12:04','2020-02-17 18:12:04'),(3,1,'2020-02-22 10:00:00','2020-02-22 12:00:00',25000,'2020-02-17 18:12:04','2020-02-17 18:12:04'),(4,2,'2020-02-20 13:00:00','2020-02-20 15:00:00',25000,'2020-02-17 18:12:04','2020-02-17 18:12:04'),(5,2,'2020-02-21 13:00:00','2020-02-21 15:00:00',25000,'2020-02-17 18:12:04','2020-02-17 18:12:04'),(6,2,'2020-02-22 13:00:00','2020-02-22 15:00:00',25000,'2020-02-17 18:12:04','2020-02-17 18:12:04'),(7,3,'2020-02-20 19:00:00','2020-02-20 21:00:00',25000,'2020-02-17 18:12:04','2020-02-17 18:12:04'),(8,3,'2020-02-21 19:00:00','2020-02-21 21:00:00',25000,'2020-02-17 18:12:04','2020-02-17 18:12:04'),(9,3,'2020-02-22 19:00:00','2020-02-22 21:00:00',25000,'2020-02-17 18:12:04','2020-02-17 18:12:04');
/*!40000 ALTER TABLE `TBL_ScheduledLiveShow` ENABLE KEYS */;
UNLOCK TABLES;

--
-- Table structure for table `TBL_Seat`
--

DROP TABLE IF EXISTS `TBL_Seat`;
/*!40101 SET @saved_cs_client     = @@character_set_client */;
/*!50503 SET character_set_client = utf8mb4 */;
CREATE TABLE `TBL_Seat` (
  `seat_id` int(11) NOT NULL AUTO_INCREMENT,
  `seat_code` varchar(8) NOT NULL,
  `hall_id` int(11) NOT NULL,
  `seat_row_loc` int(11) NOT NULL,
  `seat_col_loc` int(11) NOT NULL,
  `extraData` json DEFAULT NULL,
  `created_at` timestamp NOT NULL DEFAULT CURRENT_TIMESTAMP,
  `modified_at` timestamp NOT NULL DEFAULT CURRENT_TIMESTAMP ON UPDATE CURRENT_TIMESTAMP,
  PRIMARY KEY (`seat_id`),
  UNIQUE KEY `TBL_Seat_hall_id_seat_code_uk_1` (`hall_id`,`seat_code`),
  CONSTRAINT `TBL_Seat_cinema_id` FOREIGN KEY (`hall_id`) REFERENCES `TBL_Hall` (`hall_id`)
) ENGINE=InnoDB AUTO_INCREMENT=601 DEFAULT CHARSET=utf8;
/*!40101 SET character_set_client = @saved_cs_client */;

--
-- Dumping data for table `TBL_Seat`
--

LOCK TABLES `TBL_Seat` WRITE;
/*!40000 ALTER TABLE `TBL_Seat` DISABLE KEYS */;
INSERT INTO `TBL_Seat` VALUES (1,'C1A0',1,0,0,NULL,'2020-02-17 18:20:59','2020-02-17 18:20:59'),(2,'C1A1',1,0,1,NULL,'2020-02-17 18:20:59','2020-02-17 18:20:59'),(3,'C1A2',1,0,2,NULL,'2020-02-17 18:20:59','2020-02-17 18:20:59'),(4,'C1A3',1,0,3,NULL,'2020-02-17 18:20:59','2020-02-17 18:20:59'),(5,'C1A4',1,0,4,NULL,'2020-02-17 18:20:59','2020-02-17 18:20:59'),(6,'C1A5',1,0,5,NULL,'2020-02-17 18:20:59','2020-02-17 18:20:59'),(7,'C1A6',1,0,6,NULL,'2020-02-17 18:20:59','2020-02-17 18:20:59'),(8,'C1A7',1,0,7,NULL,'2020-02-17 18:20:59','2020-02-17 18:20:59'),(9,'C1A8',1,0,8,NULL,'2020-02-17 18:20:59','2020-02-17 18:20:59'),(10,'C1A9',1,0,9,NULL,'2020-02-17 18:20:59','2020-02-17 18:20:59'),(11,'C1A10',1,0,10,NULL,'2020-02-17 18:20:59','2020-02-17 18:20:59'),(12,'C1A11',1,0,11,NULL,'2020-02-17 18:20:59','2020-02-17 18:20:59'),(13,'C1A12',1,0,12,NULL,'2020-02-17 18:20:59','2020-02-17 18:20:59'),(14,'C1A13',1,0,13,NULL,'2020-02-17 18:20:59','2020-02-17 18:20:59'),(15,'C1A14',1,0,14,NULL,'2020-02-17 18:20:59','2020-02-17 18:20:59'),(16,'C1A15',1,0,15,NULL,'2020-02-17 18:20:59','2020-02-17 18:20:59'),(17,'C1A16',1,0,16,NULL,'2020-02-17 18:20:59','2020-02-17 18:20:59'),(18,'C1A17',1,0,17,NULL,'2020-02-17 18:20:59','2020-02-17 18:20:59'),(19,'C1A18',1,0,18,NULL,'2020-02-17 18:20:59','2020-02-17 18:20:59'),(20,'C1A19',1,0,19,NULL,'2020-02-17 18:20:59','2020-02-17 18:20:59'),(21,'C1A20',1,0,20,NULL,'2020-02-17 18:20:59','2020-02-17 18:20:59'),(22,'C1A21',1,0,21,NULL,'2020-02-17 18:20:59','2020-02-17 18:20:59'),(23,'C1A22',1,0,22,NULL,'2020-02-17 18:20:59','2020-02-17 18:20:59'),(24,'C1A23',1,0,23,NULL,'2020-02-17 18:20:59','2020-02-17 18:20:59'),(25,'C1A24',1,0,24,NULL,'2020-02-17 18:20:59','2020-02-17 18:20:59'),(26,'C1A25',1,0,25,NULL,'2020-02-17 18:20:59','2020-02-17 18:20:59'),(27,'C1A26',1,0,26,NULL,'2020-02-17 18:20:59','2020-02-17 18:20:59'),(28,'C1A27',1,0,27,NULL,'2020-02-17 18:20:59','2020-02-17 18:20:59'),(29,'C1A28',1,0,28,NULL,'2020-02-17 18:20:59','2020-02-17 18:20:59'),(30,'C1A29',1,0,29,NULL,'2020-02-17 18:20:59','2020-02-17 18:20:59'),(31,'C1A30',1,1,0,NULL,'2020-02-17 18:20:59','2020-02-17 18:20:59'),(32,'C1A31',1,1,1,NULL,'2020-02-17 18:20:59','2020-02-17 18:20:59'),(33,'C1A32',1,1,2,NULL,'2020-02-17 18:20:59','2020-02-17 18:20:59'),(34,'C1A33',1,1,3,NULL,'2020-02-17 18:20:59','2020-02-17 18:20:59'),(35,'C1A34',1,1,4,NULL,'2020-02-17 18:20:59','2020-02-17 18:20:59'),(36,'C1A35',1,1,5,NULL,'2020-02-17 18:20:59','2020-02-17 18:20:59'),(37,'C1A36',1,1,6,NULL,'2020-02-17 18:20:59','2020-02-17 18:20:59'),(38,'C1A37',1,1,7,NULL,'2020-02-17 18:20:59','2020-02-17 18:20:59'),(39,'C1A38',1,1,8,NULL,'2020-02-17 18:20:59','2020-02-17 18:20:59'),(40,'C1A39',1,1,9,NULL,'2020-02-17 18:20:59','2020-02-17 18:20:59'),(41,'C1A40',1,1,10,NULL,'2020-02-17 18:20:59','2020-02-17 18:20:59'),(42,'C1A41',1,1,11,NULL,'2020-02-17 18:20:59','2020-02-17 18:20:59'),(43,'C1A42',1,1,12,NULL,'2020-02-17 18:20:59','2020-02-17 18:20:59'),(44,'C1A43',1,1,13,NULL,'2020-02-17 18:20:59','2020-02-17 18:20:59'),(45,'C1A44',1,1,14,NULL,'2020-02-17 18:20:59','2020-02-17 18:20:59'),(46,'C1A45',1,1,15,NULL,'2020-02-17 18:21:00','2020-02-17 18:21:00'),(47,'C1A46',1,1,16,NULL,'2020-02-17 18:21:00','2020-02-17 18:21:00'),(48,'C1A47',1,1,17,NULL,'2020-02-17 18:21:00','2020-02-17 18:21:00'),(49,'C1A48',1,1,18,NULL,'2020-02-17 18:21:00','2020-02-17 18:21:00'),(50,'C1A49',1,1,19,NULL,'2020-02-17 18:21:00','2020-02-17 18:21:00'),(51,'C1A50',1,1,20,NULL,'2020-02-17 18:21:00','2020-02-17 18:21:00'),(52,'C1A51',1,1,21,NULL,'2020-02-17 18:21:00','2020-02-17 18:21:00'),(53,'C1A52',1,1,22,NULL,'2020-02-17 18:21:00','2020-02-17 18:21:00'),(54,'C1A53',1,1,23,NULL,'2020-02-17 18:21:00','2020-02-17 18:21:00'),(55,'C1A54',1,1,24,NULL,'2020-02-17 18:21:00','2020-02-17 18:21:00'),(56,'C1A55',1,1,25,NULL,'2020-02-17 18:21:00','2020-02-17 18:21:00'),(57,'C1A56',1,1,26,NULL,'2020-02-17 18:21:00','2020-02-17 18:21:00'),(58,'C1A57',1,1,27,NULL,'2020-02-17 18:21:00','2020-02-17 18:21:00'),(59,'C1A58',1,1,28,NULL,'2020-02-17 18:21:00','2020-02-17 18:21:00'),(60,'C1A59',1,1,29,NULL,'2020-02-17 18:21:00','2020-02-17 18:21:00'),(61,'C1A60',1,2,0,NULL,'2020-02-17 18:21:00','2020-02-17 18:21:00'),(62,'C1A61',1,2,1,NULL,'2020-02-17 18:21:00','2020-02-17 18:21:00'),(63,'C1A62',1,2,2,NULL,'2020-02-17 18:21:00','2020-02-17 18:21:00'),(64,'C1A63',1,2,3,NULL,'2020-02-17 18:21:00','2020-02-17 18:21:00'),(65,'C1A64',1,2,4,NULL,'2020-02-17 18:21:00','2020-02-17 18:21:00'),(66,'C1A65',1,2,5,NULL,'2020-02-17 18:21:00','2020-02-17 18:21:00'),(67,'C1A66',1,2,6,NULL,'2020-02-17 18:21:00','2020-02-17 18:21:00'),(68,'C1A67',1,2,7,NULL,'2020-02-17 18:21:00','2020-02-17 18:21:00'),(69,'C1A68',1,2,8,NULL,'2020-02-17 18:21:00','2020-02-17 18:21:00'),(70,'C1A69',1,2,9,NULL,'2020-02-17 18:21:00','2020-02-17 18:21:00'),(71,'C1A70',1,2,10,NULL,'2020-02-17 18:21:00','2020-02-17 18:21:00'),(72,'C1A71',1,2,11,NULL,'2020-02-17 18:21:00','2020-02-17 18:21:00'),(73,'C1A72',1,2,12,NULL,'2020-02-17 18:21:00','2020-02-17 18:21:00'),(74,'C1A73',1,2,13,NULL,'2020-02-17 18:21:00','2020-02-17 18:21:00'),(75,'C1A74',1,2,14,NULL,'2020-02-17 18:21:00','2020-02-17 18:21:00'),(76,'C1A75',1,2,15,NULL,'2020-02-17 18:21:00','2020-02-17 18:21:00'),(77,'C1A76',1,2,16,NULL,'2020-02-17 18:21:00','2020-02-17 18:21:00'),(78,'C1A77',1,2,17,NULL,'2020-02-17 18:21:00','2020-02-17 18:21:00'),(79,'C1A78',1,2,18,NULL,'2020-02-17 18:21:00','2020-02-17 18:21:00'),(80,'C1A79',1,2,19,NULL,'2020-02-17 18:21:00','2020-02-17 18:21:00'),(81,'C1A80',1,2,20,NULL,'2020-02-17 18:21:00','2020-02-17 18:21:00'),(82,'C1A81',1,2,21,NULL,'2020-02-17 18:21:00','2020-02-17 18:21:00'),(83,'C1A82',1,2,22,NULL,'2020-02-17 18:21:00','2020-02-17 18:21:00'),(84,'C1A83',1,2,23,NULL,'2020-02-17 18:21:00','2020-02-17 18:21:00'),(85,'C1A84',1,2,24,NULL,'2020-02-17 18:21:00','2020-02-17 18:21:00'),(86,'C1A85',1,2,25,NULL,'2020-02-17 18:21:00','2020-02-17 18:21:00'),(87,'C1A86',1,2,26,NULL,'2020-02-17 18:21:00','2020-02-17 18:21:00'),(88,'C1A87',1,2,27,NULL,'2020-02-17 18:21:00','2020-02-17 18:21:00'),(89,'C1A88',1,2,28,NULL,'2020-02-17 18:21:00','2020-02-17 18:21:00'),(90,'C1A89',1,2,29,NULL,'2020-02-17 18:21:00','2020-02-17 18:21:00'),(91,'C1A90',1,3,0,NULL,'2020-02-17 18:21:00','2020-02-17 18:21:00'),(92,'C1A91',1,3,1,NULL,'2020-02-17 18:21:00','2020-02-17 18:21:00'),(93,'C1A92',1,3,2,NULL,'2020-02-17 18:21:00','2020-02-17 18:21:00'),(94,'C1A93',1,3,3,NULL,'2020-02-17 18:21:00','2020-02-17 18:21:00'),(95,'C1A94',1,3,4,NULL,'2020-02-17 18:21:00','2020-02-17 18:21:00'),(96,'C1A95',1,3,5,NULL,'2020-02-17 18:21:00','2020-02-17 18:21:00'),(97,'C1A96',1,3,6,NULL,'2020-02-17 18:21:00','2020-02-17 18:21:00'),(98,'C1A97',1,3,7,NULL,'2020-02-17 18:21:00','2020-02-17 18:21:00'),(99,'C1A98',1,3,8,NULL,'2020-02-17 18:21:00','2020-02-17 18:21:00'),(100,'C1A99',1,3,9,NULL,'2020-02-17 18:21:00','2020-02-17 18:21:00'),(101,'C1A100',1,3,10,NULL,'2020-02-17 18:21:00','2020-02-17 18:21:00'),(102,'C1A101',1,3,11,NULL,'2020-02-17 18:21:00','2020-02-17 18:21:00'),(103,'C1A102',1,3,12,NULL,'2020-02-17 18:21:00','2020-02-17 18:21:00'),(104,'C1A103',1,3,13,NULL,'2020-02-17 18:21:00','2020-02-17 18:21:00'),(105,'C1A104',1,3,14,NULL,'2020-02-17 18:21:00','2020-02-17 18:21:00'),(106,'C1A105',1,3,15,NULL,'2020-02-17 18:21:00','2020-02-17 18:21:00'),(107,'C1A106',1,3,16,NULL,'2020-02-17 18:21:00','2020-02-17 18:21:00'),(108,'C1A107',1,3,17,NULL,'2020-02-17 18:21:00','2020-02-17 18:21:00'),(109,'C1A108',1,3,18,NULL,'2020-02-17 18:21:00','2020-02-17 18:21:00'),(110,'C1A109',1,3,19,NULL,'2020-02-17 18:21:00','2020-02-17 18:21:00'),(111,'C1A110',1,3,20,NULL,'2020-02-17 18:21:00','2020-02-17 18:21:00'),(112,'C1A111',1,3,21,NULL,'2020-02-17 18:21:00','2020-02-17 18:21:00'),(113,'C1A112',1,3,22,NULL,'2020-02-17 18:21:00','2020-02-17 18:21:00'),(114,'C1A113',1,3,23,NULL,'2020-02-17 18:21:00','2020-02-17 18:21:00'),(115,'C1A114',1,3,24,NULL,'2020-02-17 18:21:00','2020-02-17 18:21:00'),(116,'C1A115',1,3,25,NULL,'2020-02-17 18:21:00','2020-02-17 18:21:00'),(117,'C1A116',1,3,26,NULL,'2020-02-17 18:21:00','2020-02-17 18:21:00'),(118,'C1A117',1,3,27,NULL,'2020-02-17 18:21:00','2020-02-17 18:21:00'),(119,'C1A118',1,3,28,NULL,'2020-02-17 18:21:00','2020-02-17 18:21:00'),(120,'C1A119',1,3,29,NULL,'2020-02-17 18:21:00','2020-02-17 18:21:00'),(121,'C1A120',1,4,0,NULL,'2020-02-17 18:21:00','2020-02-17 18:21:00'),(122,'C1A121',1,4,1,NULL,'2020-02-17 18:21:00','2020-02-17 18:21:00'),(123,'C1A122',1,4,2,NULL,'2020-02-17 18:21:00','2020-02-17 18:21:00'),(124,'C1A123',1,4,3,NULL,'2020-02-17 18:21:00','2020-02-17 18:21:00'),(125,'C1A124',1,4,4,NULL,'2020-02-17 18:21:00','2020-02-17 18:21:00'),(126,'C1A125',1,4,5,NULL,'2020-02-17 18:21:00','2020-02-17 18:21:00'),(127,'C1A126',1,4,6,NULL,'2020-02-17 18:21:00','2020-02-17 18:21:00'),(128,'C1A127',1,4,7,NULL,'2020-02-17 18:21:00','2020-02-17 18:21:00'),(129,'C1A128',1,4,8,NULL,'2020-02-17 18:21:00','2020-02-17 18:21:00'),(130,'C1A129',1,4,9,NULL,'2020-02-17 18:21:00','2020-02-17 18:21:00'),(131,'C1A130',1,4,10,NULL,'2020-02-17 18:21:00','2020-02-17 18:21:00'),(132,'C1A131',1,4,11,NULL,'2020-02-17 18:21:00','2020-02-17 18:21:00'),(133,'C1A132',1,4,12,NULL,'2020-02-17 18:21:00','2020-02-17 18:21:00'),(134,'C1A133',1,4,13,NULL,'2020-02-17 18:21:00','2020-02-17 18:21:00'),(135,'C1A134',1,4,14,NULL,'2020-02-17 18:21:00','2020-02-17 18:21:00'),(136,'C1A135',1,4,15,NULL,'2020-02-17 18:21:00','2020-02-17 18:21:00'),(137,'C1A136',1,4,16,NULL,'2020-02-17 18:21:00','2020-02-17 18:21:00'),(138,'C1A137',1,4,17,NULL,'2020-02-17 18:21:00','2020-02-17 18:21:00'),(139,'C1A138',1,4,18,NULL,'2020-02-17 18:21:00','2020-02-17 18:21:00'),(140,'C1A139',1,4,19,NULL,'2020-02-17 18:21:00','2020-02-17 18:21:00'),(141,'C1A140',1,4,20,NULL,'2020-02-17 18:21:00','2020-02-17 18:21:00'),(142,'C1A141',1,4,21,NULL,'2020-02-17 18:21:00','2020-02-17 18:21:00'),(143,'C1A142',1,4,22,NULL,'2020-02-17 18:21:00','2020-02-17 18:21:00'),(144,'C1A143',1,4,23,NULL,'2020-02-17 18:21:00','2020-02-17 18:21:00'),(145,'C1A144',1,4,24,NULL,'2020-02-17 18:21:00','2020-02-17 18:21:00'),(146,'C1A145',1,4,25,NULL,'2020-02-17 18:21:00','2020-02-17 18:21:00'),(147,'C1A146',1,4,26,NULL,'2020-02-17 18:21:00','2020-02-17 18:21:00'),(148,'C1A147',1,4,27,NULL,'2020-02-17 18:21:00','2020-02-17 18:21:00'),(149,'C1A148',1,4,28,NULL,'2020-02-17 18:21:00','2020-02-17 18:21:00'),(150,'C1A149',1,4,29,NULL,'2020-02-17 18:21:00','2020-02-17 18:21:00'),(151,'C1A150',1,5,0,NULL,'2020-02-17 18:21:00','2020-02-17 18:21:00'),(152,'C1A151',1,5,1,NULL,'2020-02-17 18:21:00','2020-02-17 18:21:00'),(153,'C1A152',1,5,2,NULL,'2020-02-17 18:21:00','2020-02-17 18:21:00'),(154,'C1A153',1,5,3,NULL,'2020-02-17 18:21:00','2020-02-17 18:21:00'),(155,'C1A154',1,5,4,NULL,'2020-02-17 18:21:00','2020-02-17 18:21:00'),(156,'C1A155',1,5,5,NULL,'2020-02-17 18:21:00','2020-02-17 18:21:00'),(157,'C1A156',1,5,6,NULL,'2020-02-17 18:21:00','2020-02-17 18:21:00'),(158,'C1A157',1,5,7,NULL,'2020-02-17 18:21:00','2020-02-17 18:21:00'),(159,'C1A158',1,5,8,NULL,'2020-02-17 18:21:00','2020-02-17 18:21:00'),(160,'C1A159',1,5,9,NULL,'2020-02-17 18:21:00','2020-02-17 18:21:00'),(161,'C1A160',1,5,10,NULL,'2020-02-17 18:21:00','2020-02-17 18:21:00'),(162,'C1A161',1,5,11,NULL,'2020-02-17 18:21:00','2020-02-17 18:21:00'),(163,'C1A162',1,5,12,NULL,'2020-02-17 18:21:00','2020-02-17 18:21:00'),(164,'C1A163',1,5,13,NULL,'2020-02-17 18:21:00','2020-02-17 18:21:00'),(165,'C1A164',1,5,14,NULL,'2020-02-17 18:21:00','2020-02-17 18:21:00'),(166,'C1A165',1,5,15,NULL,'2020-02-17 18:21:00','2020-02-17 18:21:00'),(167,'C1A166',1,5,16,NULL,'2020-02-17 18:21:00','2020-02-17 18:21:00'),(168,'C1A167',1,5,17,NULL,'2020-02-17 18:21:00','2020-02-17 18:21:00'),(169,'C1A168',1,5,18,NULL,'2020-02-17 18:21:00','2020-02-17 18:21:00'),(170,'C1A169',1,5,19,NULL,'2020-02-17 18:21:00','2020-02-17 18:21:00'),(171,'C1A170',1,5,20,NULL,'2020-02-17 18:21:00','2020-02-17 18:21:00'),(172,'C1A171',1,5,21,NULL,'2020-02-17 18:21:00','2020-02-17 18:21:00'),(173,'C1A172',1,5,22,NULL,'2020-02-17 18:21:00','2020-02-17 18:21:00'),(174,'C1A173',1,5,23,NULL,'2020-02-17 18:21:00','2020-02-17 18:21:00'),(175,'C1A174',1,5,24,NULL,'2020-02-17 18:21:00','2020-02-17 18:21:00'),(176,'C1A175',1,5,25,NULL,'2020-02-17 18:21:00','2020-02-17 18:21:00'),(177,'C1A176',1,5,26,NULL,'2020-02-17 18:21:00','2020-02-17 18:21:00'),(178,'C1A177',1,5,27,NULL,'2020-02-17 18:21:00','2020-02-17 18:21:00'),(179,'C1A178',1,5,28,NULL,'2020-02-17 18:21:00','2020-02-17 18:21:00'),(180,'C1A179',1,5,29,NULL,'2020-02-17 18:21:00','2020-02-17 18:21:00'),(181,'C1A180',1,6,0,NULL,'2020-02-17 18:21:00','2020-02-17 18:21:00'),(182,'C1A181',1,6,1,NULL,'2020-02-17 18:21:00','2020-02-17 18:21:00'),(183,'C1A182',1,6,2,NULL,'2020-02-17 18:21:00','2020-02-17 18:21:00'),(184,'C1A183',1,6,3,NULL,'2020-02-17 18:21:00','2020-02-17 18:21:00'),(185,'C1A184',1,6,4,NULL,'2020-02-17 18:21:00','2020-02-17 18:21:00'),(186,'C1A185',1,6,5,NULL,'2020-02-17 18:21:00','2020-02-17 18:21:00'),(187,'C1A186',1,6,6,NULL,'2020-02-17 18:21:00','2020-02-17 18:21:00'),(188,'C1A187',1,6,7,NULL,'2020-02-17 18:21:01','2020-02-17 18:21:01'),(189,'C1A188',1,6,8,NULL,'2020-02-17 18:21:01','2020-02-17 18:21:01'),(190,'C1A189',1,6,9,NULL,'2020-02-17 18:21:01','2020-02-17 18:21:01'),(191,'C1A190',1,6,10,NULL,'2020-02-17 18:21:01','2020-02-17 18:21:01'),(192,'C1A191',1,6,11,NULL,'2020-02-17 18:21:01','2020-02-17 18:21:01'),(193,'C1A192',1,6,12,NULL,'2020-02-17 18:21:01','2020-02-17 18:21:01'),(194,'C1A193',1,6,13,NULL,'2020-02-17 18:21:01','2020-02-17 18:21:01'),(195,'C1A194',1,6,14,NULL,'2020-02-17 18:21:01','2020-02-17 18:21:01'),(196,'C1A195',1,6,15,NULL,'2020-02-17 18:21:01','2020-02-17 18:21:01'),(197,'C1A196',1,6,16,NULL,'2020-02-17 18:21:01','2020-02-17 18:21:01'),(198,'C1A197',1,6,17,NULL,'2020-02-17 18:21:01','2020-02-17 18:21:01'),(199,'C1A198',1,6,18,NULL,'2020-02-17 18:21:01','2020-02-17 18:21:01'),(200,'C1A199',1,6,19,NULL,'2020-02-17 18:21:01','2020-02-17 18:21:01'),(201,'C1A200',1,6,20,NULL,'2020-02-17 18:21:01','2020-02-17 18:21:01'),(202,'C1A201',1,6,21,NULL,'2020-02-17 18:21:01','2020-02-17 18:21:01'),(203,'C1A202',1,6,22,NULL,'2020-02-17 18:21:01','2020-02-17 18:21:01'),(204,'C1A203',1,6,23,NULL,'2020-02-17 18:21:01','2020-02-17 18:21:01'),(205,'C1A204',1,6,24,NULL,'2020-02-17 18:21:01','2020-02-17 18:21:01'),(206,'C1A205',1,6,25,NULL,'2020-02-17 18:21:01','2020-02-17 18:21:01'),(207,'C1A206',1,6,26,NULL,'2020-02-17 18:21:01','2020-02-17 18:21:01'),(208,'C1A207',1,6,27,NULL,'2020-02-17 18:21:01','2020-02-17 18:21:01'),(209,'C1A208',1,6,28,NULL,'2020-02-17 18:21:01','2020-02-17 18:21:01'),(210,'C1A209',1,6,29,NULL,'2020-02-17 18:21:01','2020-02-17 18:21:01'),(211,'C1A210',1,7,0,NULL,'2020-02-17 18:21:01','2020-02-17 18:21:01'),(212,'C1A211',1,7,1,NULL,'2020-02-17 18:21:01','2020-02-17 18:21:01'),(213,'C1A212',1,7,2,NULL,'2020-02-17 18:21:01','2020-02-17 18:21:01'),(214,'C1A213',1,7,3,NULL,'2020-02-17 18:21:01','2020-02-17 18:21:01'),(215,'C1A214',1,7,4,NULL,'2020-02-17 18:21:01','2020-02-17 18:21:01'),(216,'C1A215',1,7,5,NULL,'2020-02-17 18:21:01','2020-02-17 18:21:01'),(217,'C1A216',1,7,6,NULL,'2020-02-17 18:21:01','2020-02-17 18:21:01'),(218,'C1A217',1,7,7,NULL,'2020-02-17 18:21:01','2020-02-17 18:21:01'),(219,'C1A218',1,7,8,NULL,'2020-02-17 18:21:01','2020-02-17 18:21:01'),(220,'C1A219',1,7,9,NULL,'2020-02-17 18:21:01','2020-02-17 18:21:01'),(221,'C1A220',1,7,10,NULL,'2020-02-17 18:21:01','2020-02-17 18:21:01'),(222,'C1A221',1,7,11,NULL,'2020-02-17 18:21:01','2020-02-17 18:21:01'),(223,'C1A222',1,7,12,NULL,'2020-02-17 18:21:01','2020-02-17 18:21:01'),(224,'C1A223',1,7,13,NULL,'2020-02-17 18:21:01','2020-02-17 18:21:01'),(225,'C1A224',1,7,14,NULL,'2020-02-17 18:21:01','2020-02-17 18:21:01'),(226,'C1A225',1,7,15,NULL,'2020-02-17 18:21:01','2020-02-17 18:21:01'),(227,'C1A226',1,7,16,NULL,'2020-02-17 18:21:01','2020-02-17 18:21:01'),(228,'C1A227',1,7,17,NULL,'2020-02-17 18:21:01','2020-02-17 18:21:01'),(229,'C1A228',1,7,18,NULL,'2020-02-17 18:21:01','2020-02-17 18:21:01'),(230,'C1A229',1,7,19,NULL,'2020-02-17 18:21:01','2020-02-17 18:21:01'),(231,'C1A230',1,7,20,NULL,'2020-02-17 18:21:01','2020-02-17 18:21:01'),(232,'C1A231',1,7,21,NULL,'2020-02-17 18:21:01','2020-02-17 18:21:01'),(233,'C1A232',1,7,22,NULL,'2020-02-17 18:21:01','2020-02-17 18:21:01'),(234,'C1A233',1,7,23,NULL,'2020-02-17 18:21:01','2020-02-17 18:21:01'),(235,'C1A234',1,7,24,NULL,'2020-02-17 18:21:01','2020-02-17 18:21:01'),(236,'C1A235',1,7,25,NULL,'2020-02-17 18:21:01','2020-02-17 18:21:01'),(237,'C1A236',1,7,26,NULL,'2020-02-17 18:21:01','2020-02-17 18:21:01'),(238,'C1A237',1,7,27,NULL,'2020-02-17 18:21:01','2020-02-17 18:21:01'),(239,'C1A238',1,7,28,NULL,'2020-02-17 18:21:01','2020-02-17 18:21:01'),(240,'C1A239',1,7,29,NULL,'2020-02-17 18:21:01','2020-02-17 18:21:01'),(241,'C1A240',1,8,0,NULL,'2020-02-17 18:21:01','2020-02-17 18:21:01'),(242,'C1A241',1,8,1,NULL,'2020-02-17 18:21:01','2020-02-17 18:21:01'),(243,'C1A242',1,8,2,NULL,'2020-02-17 18:21:01','2020-02-17 18:21:01'),(244,'C1A243',1,8,3,NULL,'2020-02-17 18:21:01','2020-02-17 18:21:01'),(245,'C1A244',1,8,4,NULL,'2020-02-17 18:21:01','2020-02-17 18:21:01'),(246,'C1A245',1,8,5,NULL,'2020-02-17 18:21:01','2020-02-17 18:21:01'),(247,'C1A246',1,8,6,NULL,'2020-02-17 18:21:01','2020-02-17 18:21:01'),(248,'C1A247',1,8,7,NULL,'2020-02-17 18:21:01','2020-02-17 18:21:01'),(249,'C1A248',1,8,8,NULL,'2020-02-17 18:21:01','2020-02-17 18:21:01'),(250,'C1A249',1,8,9,NULL,'2020-02-17 18:21:01','2020-02-17 18:21:01'),(251,'C1A250',1,8,10,NULL,'2020-02-17 18:21:01','2020-02-17 18:21:01'),(252,'C1A251',1,8,11,NULL,'2020-02-17 18:21:01','2020-02-17 18:21:01'),(253,'C1A252',1,8,12,NULL,'2020-02-17 18:21:01','2020-02-17 18:21:01'),(254,'C1A253',1,8,13,NULL,'2020-02-17 18:21:01','2020-02-17 18:21:01'),(255,'C1A254',1,8,14,NULL,'2020-02-17 18:21:01','2020-02-17 18:21:01'),(256,'C1A255',1,8,15,NULL,'2020-02-17 18:21:01','2020-02-17 18:21:01'),(257,'C1A256',1,8,16,NULL,'2020-02-17 18:21:01','2020-02-17 18:21:01'),(258,'C1A257',1,8,17,NULL,'2020-02-17 18:21:01','2020-02-17 18:21:01'),(259,'C1A258',1,8,18,NULL,'2020-02-17 18:21:01','2020-02-17 18:21:01'),(260,'C1A259',1,8,19,NULL,'2020-02-17 18:21:01','2020-02-17 18:21:01'),(261,'C1A260',1,8,20,NULL,'2020-02-17 18:21:01','2020-02-17 18:21:01'),(262,'C1A261',1,8,21,NULL,'2020-02-17 18:21:01','2020-02-17 18:21:01'),(263,'C1A262',1,8,22,NULL,'2020-02-17 18:21:01','2020-02-17 18:21:01'),(264,'C1A263',1,8,23,NULL,'2020-02-17 18:21:01','2020-02-17 18:21:01'),(265,'C1A264',1,8,24,NULL,'2020-02-17 18:21:01','2020-02-17 18:21:01'),(266,'C1A265',1,8,25,NULL,'2020-02-17 18:21:01','2020-02-17 18:21:01'),(267,'C1A266',1,8,26,NULL,'2020-02-17 18:21:01','2020-02-17 18:21:01'),(268,'C1A267',1,8,27,NULL,'2020-02-17 18:21:01','2020-02-17 18:21:01'),(269,'C1A268',1,8,28,NULL,'2020-02-17 18:21:01','2020-02-17 18:21:01'),(270,'C1A269',1,8,29,NULL,'2020-02-17 18:21:01','2020-02-17 18:21:01'),(271,'C1A270',1,9,0,NULL,'2020-02-17 18:21:01','2020-02-17 18:21:01'),(272,'C1A271',1,9,1,NULL,'2020-02-17 18:21:01','2020-02-17 18:21:01'),(273,'C1A272',1,9,2,NULL,'2020-02-17 18:21:01','2020-02-17 18:21:01'),(274,'C1A273',1,9,3,NULL,'2020-02-17 18:21:01','2020-02-17 18:21:01'),(275,'C1A274',1,9,4,NULL,'2020-02-17 18:21:01','2020-02-17 18:21:01'),(276,'C1A275',1,9,5,NULL,'2020-02-17 18:21:01','2020-02-17 18:21:01'),(277,'C1A276',1,9,6,NULL,'2020-02-17 18:21:01','2020-02-17 18:21:01'),(278,'C1A277',1,9,7,NULL,'2020-02-17 18:21:01','2020-02-17 18:21:01'),(279,'C1A278',1,9,8,NULL,'2020-02-17 18:21:01','2020-02-17 18:21:01'),(280,'C1A279',1,9,9,NULL,'2020-02-17 18:21:01','2020-02-17 18:21:01'),(281,'C1A280',1,9,10,NULL,'2020-02-17 18:21:01','2020-02-17 18:21:01'),(282,'C1A281',1,9,11,NULL,'2020-02-17 18:21:01','2020-02-17 18:21:01'),(283,'C1A282',1,9,12,NULL,'2020-02-17 18:21:01','2020-02-17 18:21:01'),(284,'C1A283',1,9,13,NULL,'2020-02-17 18:21:01','2020-02-17 18:21:01'),(285,'C1A284',1,9,14,NULL,'2020-02-17 18:21:01','2020-02-17 18:21:01'),(286,'C1A285',1,9,15,NULL,'2020-02-17 18:21:01','2020-02-17 18:21:01'),(287,'C1A286',1,9,16,NULL,'2020-02-17 18:21:01','2020-02-17 18:21:01'),(288,'C1A287',1,9,17,NULL,'2020-02-17 18:21:01','2020-02-17 18:21:01'),(289,'C1A288',1,9,18,NULL,'2020-02-17 18:21:01','2020-02-17 18:21:01'),(290,'C1A289',1,9,19,NULL,'2020-02-17 18:21:01','2020-02-17 18:21:01'),(291,'C1A290',1,9,20,NULL,'2020-02-17 18:21:01','2020-02-17 18:21:01'),(292,'C1A291',1,9,21,NULL,'2020-02-17 18:21:01','2020-02-17 18:21:01'),(293,'C1A292',1,9,22,NULL,'2020-02-17 18:21:01','2020-02-17 18:21:01'),(294,'C1A293',1,9,23,NULL,'2020-02-17 18:21:01','2020-02-17 18:21:01'),(295,'C1A294',1,9,24,NULL,'2020-02-17 18:21:01','2020-02-17 18:21:01'),(296,'C1A295',1,9,25,NULL,'2020-02-17 18:21:01','2020-02-17 18:21:01'),(297,'C1A296',1,9,26,NULL,'2020-02-17 18:21:01','2020-02-17 18:21:01'),(298,'C1A297',1,9,27,NULL,'2020-02-17 18:21:01','2020-02-17 18:21:01'),(299,'C1A298',1,9,28,NULL,'2020-02-17 18:21:01','2020-02-17 18:21:01'),(300,'C1A299',1,9,29,NULL,'2020-02-17 18:21:01','2020-02-17 18:21:01'),(301,'C2A0',2,0,0,NULL,'2020-02-17 18:21:20','2020-02-17 18:21:20'),(302,'C2A1',2,0,1,NULL,'2020-02-17 18:21:20','2020-02-17 18:21:20'),(303,'C2A2',2,0,2,NULL,'2020-02-17 18:21:20','2020-02-17 18:21:20'),(304,'C2A3',2,0,3,NULL,'2020-02-17 18:21:20','2020-02-17 18:21:20'),(305,'C2A4',2,0,4,NULL,'2020-02-17 18:21:20','2020-02-17 18:21:20'),(306,'C2A5',2,0,5,NULL,'2020-02-17 18:21:20','2020-02-17 18:21:20'),(307,'C2A6',2,0,6,NULL,'2020-02-17 18:21:20','2020-02-17 18:21:20'),(308,'C2A7',2,0,7,NULL,'2020-02-17 18:21:20','2020-02-17 18:21:20'),(309,'C2A8',2,0,8,NULL,'2020-02-17 18:21:20','2020-02-17 18:21:20'),(310,'C2A9',2,0,9,NULL,'2020-02-17 18:21:20','2020-02-17 18:21:20'),(311,'C2A10',2,0,10,NULL,'2020-02-17 18:21:20','2020-02-17 18:21:20'),(312,'C2A11',2,0,11,NULL,'2020-02-17 18:21:20','2020-02-17 18:21:20'),(313,'C2A12',2,0,12,NULL,'2020-02-17 18:21:20','2020-02-17 18:21:20'),(314,'C2A13',2,0,13,NULL,'2020-02-17 18:21:20','2020-02-17 18:21:20'),(315,'C2A14',2,0,14,NULL,'2020-02-17 18:21:20','2020-02-17 18:21:20'),(316,'C2A15',2,0,15,NULL,'2020-02-17 18:21:20','2020-02-17 18:21:20'),(317,'C2A16',2,0,16,NULL,'2020-02-17 18:21:20','2020-02-17 18:21:20'),(318,'C2A17',2,0,17,NULL,'2020-02-17 18:21:20','2020-02-17 18:21:20'),(319,'C2A18',2,0,18,NULL,'2020-02-17 18:21:20','2020-02-17 18:21:20'),(320,'C2A19',2,0,19,NULL,'2020-02-17 18:21:20','2020-02-17 18:21:20'),(321,'C2A20',2,0,20,NULL,'2020-02-17 18:21:20','2020-02-17 18:21:20'),(322,'C2A21',2,0,21,NULL,'2020-02-17 18:21:20','2020-02-17 18:21:20'),(323,'C2A22',2,0,22,NULL,'2020-02-17 18:21:20','2020-02-17 18:21:20'),(324,'C2A23',2,0,23,NULL,'2020-02-17 18:21:20','2020-02-17 18:21:20'),(325,'C2A24',2,0,24,NULL,'2020-02-17 18:21:20','2020-02-17 18:21:20'),(326,'C2A25',2,0,25,NULL,'2020-02-17 18:21:20','2020-02-17 18:21:20'),(327,'C2A26',2,0,26,NULL,'2020-02-17 18:21:20','2020-02-17 18:21:20'),(328,'C2A27',2,0,27,NULL,'2020-02-17 18:21:20','2020-02-17 18:21:20'),(329,'C2A28',2,0,28,NULL,'2020-02-17 18:21:20','2020-02-17 18:21:20'),(330,'C2A29',2,0,29,NULL,'2020-02-17 18:21:20','2020-02-17 18:21:20'),(331,'C2A30',2,1,0,NULL,'2020-02-17 18:21:20','2020-02-17 18:21:20'),(332,'C2A31',2,1,1,NULL,'2020-02-17 18:21:20','2020-02-17 18:21:20'),(333,'C2A32',2,1,2,NULL,'2020-02-17 18:21:20','2020-02-17 18:21:20'),(334,'C2A33',2,1,3,NULL,'2020-02-17 18:21:20','2020-02-17 18:21:20'),(335,'C2A34',2,1,4,NULL,'2020-02-17 18:21:20','2020-02-17 18:21:20'),(336,'C2A35',2,1,5,NULL,'2020-02-17 18:21:20','2020-02-17 18:21:20'),(337,'C2A36',2,1,6,NULL,'2020-02-17 18:21:20','2020-02-17 18:21:20'),(338,'C2A37',2,1,7,NULL,'2020-02-17 18:21:20','2020-02-17 18:21:20'),(339,'C2A38',2,1,8,NULL,'2020-02-17 18:21:20','2020-02-17 18:21:20'),(340,'C2A39',2,1,9,NULL,'2020-02-17 18:21:20','2020-02-17 18:21:20'),(341,'C2A40',2,1,10,NULL,'2020-02-17 18:21:20','2020-02-17 18:21:20'),(342,'C2A41',2,1,11,NULL,'2020-02-17 18:21:20','2020-02-17 18:21:20'),(343,'C2A42',2,1,12,NULL,'2020-02-17 18:21:20','2020-02-17 18:21:20'),(344,'C2A43',2,1,13,NULL,'2020-02-17 18:21:20','2020-02-17 18:21:20'),(345,'C2A44',2,1,14,NULL,'2020-02-17 18:21:20','2020-02-17 18:21:20'),(346,'C2A45',2,1,15,NULL,'2020-02-17 18:21:20','2020-02-17 18:21:20'),(347,'C2A46',2,1,16,NULL,'2020-02-17 18:21:20','2020-02-17 18:21:20'),(348,'C2A47',2,1,17,NULL,'2020-02-17 18:21:20','2020-02-17 18:21:20'),(349,'C2A48',2,1,18,NULL,'2020-02-17 18:21:20','2020-02-17 18:21:20'),(350,'C2A49',2,1,19,NULL,'2020-02-17 18:21:20','2020-02-17 18:21:20'),(351,'C2A50',2,1,20,NULL,'2020-02-17 18:21:20','2020-02-17 18:21:20'),(352,'C2A51',2,1,21,NULL,'2020-02-17 18:21:20','2020-02-17 18:21:20'),(353,'C2A52',2,1,22,NULL,'2020-02-17 18:21:20','2020-02-17 18:21:20'),(354,'C2A53',2,1,23,NULL,'2020-02-17 18:21:20','2020-02-17 18:21:20'),(355,'C2A54',2,1,24,NULL,'2020-02-17 18:21:20','2020-02-17 18:21:20'),(356,'C2A55',2,1,25,NULL,'2020-02-17 18:21:20','2020-02-17 18:21:20'),(357,'C2A56',2,1,26,NULL,'2020-02-17 18:21:20','2020-02-17 18:21:20'),(358,'C2A57',2,1,27,NULL,'2020-02-17 18:21:20','2020-02-17 18:21:20'),(359,'C2A58',2,1,28,NULL,'2020-02-17 18:21:20','2020-02-17 18:21:20'),(360,'C2A59',2,1,29,NULL,'2020-02-17 18:21:20','2020-02-17 18:21:20'),(361,'C2A60',2,2,0,NULL,'2020-02-17 18:21:20','2020-02-17 18:21:20'),(362,'C2A61',2,2,1,NULL,'2020-02-17 18:21:20','2020-02-17 18:21:20'),(363,'C2A62',2,2,2,NULL,'2020-02-17 18:21:20','2020-02-17 18:21:20'),(364,'C2A63',2,2,3,NULL,'2020-02-17 18:21:20','2020-02-17 18:21:20'),(365,'C2A64',2,2,4,NULL,'2020-02-17 18:21:20','2020-02-17 18:21:20'),(366,'C2A65',2,2,5,NULL,'2020-02-17 18:21:20','2020-02-17 18:21:20'),(367,'C2A66',2,2,6,NULL,'2020-02-17 18:21:20','2020-02-17 18:21:20'),(368,'C2A67',2,2,7,NULL,'2020-02-17 18:21:20','2020-02-17 18:21:20'),(369,'C2A68',2,2,8,NULL,'2020-02-17 18:21:20','2020-02-17 18:21:20'),(370,'C2A69',2,2,9,NULL,'2020-02-17 18:21:20','2020-02-17 18:21:20'),(371,'C2A70',2,2,10,NULL,'2020-02-17 18:21:20','2020-02-17 18:21:20'),(372,'C2A71',2,2,11,NULL,'2020-02-17 18:21:20','2020-02-17 18:21:20'),(373,'C2A72',2,2,12,NULL,'2020-02-17 18:21:20','2020-02-17 18:21:20'),(374,'C2A73',2,2,13,NULL,'2020-02-17 18:21:20','2020-02-17 18:21:20'),(375,'C2A74',2,2,14,NULL,'2020-02-17 18:21:20','2020-02-17 18:21:20'),(376,'C2A75',2,2,15,NULL,'2020-02-17 18:21:20','2020-02-17 18:21:20'),(377,'C2A76',2,2,16,NULL,'2020-02-17 18:21:20','2020-02-17 18:21:20'),(378,'C2A77',2,2,17,NULL,'2020-02-17 18:21:20','2020-02-17 18:21:20'),(379,'C2A78',2,2,18,NULL,'2020-02-17 18:21:20','2020-02-17 18:21:20'),(380,'C2A79',2,2,19,NULL,'2020-02-17 18:21:20','2020-02-17 18:21:20'),(381,'C2A80',2,2,20,NULL,'2020-02-17 18:21:20','2020-02-17 18:21:20'),(382,'C2A81',2,2,21,NULL,'2020-02-17 18:21:20','2020-02-17 18:21:20'),(383,'C2A82',2,2,22,NULL,'2020-02-17 18:21:20','2020-02-17 18:21:20'),(384,'C2A83',2,2,23,NULL,'2020-02-17 18:21:20','2020-02-17 18:21:20'),(385,'C2A84',2,2,24,NULL,'2020-02-17 18:21:20','2020-02-17 18:21:20'),(386,'C2A85',2,2,25,NULL,'2020-02-17 18:21:20','2020-02-17 18:21:20'),(387,'C2A86',2,2,26,NULL,'2020-02-17 18:21:20','2020-02-17 18:21:20'),(388,'C2A87',2,2,27,NULL,'2020-02-17 18:21:20','2020-02-17 18:21:20'),(389,'C2A88',2,2,28,NULL,'2020-02-17 18:21:20','2020-02-17 18:21:20'),(390,'C2A89',2,2,29,NULL,'2020-02-17 18:21:20','2020-02-17 18:21:20'),(391,'C2A90',2,3,0,NULL,'2020-02-17 18:21:20','2020-02-17 18:21:20'),(392,'C2A91',2,3,1,NULL,'2020-02-17 18:21:20','2020-02-17 18:21:20'),(393,'C2A92',2,3,2,NULL,'2020-02-17 18:21:20','2020-02-17 18:21:20'),(394,'C2A93',2,3,3,NULL,'2020-02-17 18:21:20','2020-02-17 18:21:20'),(395,'C2A94',2,3,4,NULL,'2020-02-17 18:21:20','2020-02-17 18:21:20'),(396,'C2A95',2,3,5,NULL,'2020-02-17 18:21:20','2020-02-17 18:21:20'),(397,'C2A96',2,3,6,NULL,'2020-02-17 18:21:20','2020-02-17 18:21:20'),(398,'C2A97',2,3,7,NULL,'2020-02-17 18:21:20','2020-02-17 18:21:20'),(399,'C2A98',2,3,8,NULL,'2020-02-17 18:21:20','2020-02-17 18:21:20'),(400,'C2A99',2,3,9,NULL,'2020-02-17 18:21:20','2020-02-17 18:21:20'),(401,'C2A100',2,3,10,NULL,'2020-02-17 18:21:20','2020-02-17 18:21:20'),(402,'C2A101',2,3,11,NULL,'2020-02-17 18:21:20','2020-02-17 18:21:20'),(403,'C2A102',2,3,12,NULL,'2020-02-17 18:21:20','2020-02-17 18:21:20'),(404,'C2A103',2,3,13,NULL,'2020-02-17 18:21:20','2020-02-17 18:21:20'),(405,'C2A104',2,3,14,NULL,'2020-02-17 18:21:20','2020-02-17 18:21:20'),(406,'C2A105',2,3,15,NULL,'2020-02-17 18:21:20','2020-02-17 18:21:20'),(407,'C2A106',2,3,16,NULL,'2020-02-17 18:21:20','2020-02-17 18:21:20'),(408,'C2A107',2,3,17,NULL,'2020-02-17 18:21:20','2020-02-17 18:21:20'),(409,'C2A108',2,3,18,NULL,'2020-02-17 18:21:20','2020-02-17 18:21:20'),(410,'C2A109',2,3,19,NULL,'2020-02-17 18:21:20','2020-02-17 18:21:20'),(411,'C2A110',2,3,20,NULL,'2020-02-17 18:21:20','2020-02-17 18:21:20'),(412,'C2A111',2,3,21,NULL,'2020-02-17 18:21:20','2020-02-17 18:21:20'),(413,'C2A112',2,3,22,NULL,'2020-02-17 18:21:20','2020-02-17 18:21:20'),(414,'C2A113',2,3,23,NULL,'2020-02-17 18:21:20','2020-02-17 18:21:20'),(415,'C2A114',2,3,24,NULL,'2020-02-17 18:21:20','2020-02-17 18:21:20'),(416,'C2A115',2,3,25,NULL,'2020-02-17 18:21:20','2020-02-17 18:21:20'),(417,'C2A116',2,3,26,NULL,'2020-02-17 18:21:20','2020-02-17 18:21:20'),(418,'C2A117',2,3,27,NULL,'2020-02-17 18:21:20','2020-02-17 18:21:20'),(419,'C2A118',2,3,28,NULL,'2020-02-17 18:21:20','2020-02-17 18:21:20'),(420,'C2A119',2,3,29,NULL,'2020-02-17 18:21:20','2020-02-17 18:21:20'),(421,'C2A120',2,4,0,NULL,'2020-02-17 18:21:20','2020-02-17 18:21:20'),(422,'C2A121',2,4,1,NULL,'2020-02-17 18:21:20','2020-02-17 18:21:20'),(423,'C2A122',2,4,2,NULL,'2020-02-17 18:21:20','2020-02-17 18:21:20'),(424,'C2A123',2,4,3,NULL,'2020-02-17 18:21:20','2020-02-17 18:21:20'),(425,'C2A124',2,4,4,NULL,'2020-02-17 18:21:20','2020-02-17 18:21:20'),(426,'C2A125',2,4,5,NULL,'2020-02-17 18:21:20','2020-02-17 18:21:20'),(427,'C2A126',2,4,6,NULL,'2020-02-17 18:21:20','2020-02-17 18:21:20'),(428,'C2A127',2,4,7,NULL,'2020-02-17 18:21:21','2020-02-17 18:21:21'),(429,'C2A128',2,4,8,NULL,'2020-02-17 18:21:21','2020-02-17 18:21:21'),(430,'C2A129',2,4,9,NULL,'2020-02-17 18:21:21','2020-02-17 18:21:21'),(431,'C2A130',2,4,10,NULL,'2020-02-17 18:21:21','2020-02-17 18:21:21'),(432,'C2A131',2,4,11,NULL,'2020-02-17 18:21:21','2020-02-17 18:21:21'),(433,'C2A132',2,4,12,NULL,'2020-02-17 18:21:21','2020-02-17 18:21:21'),(434,'C2A133',2,4,13,NULL,'2020-02-17 18:21:21','2020-02-17 18:21:21'),(435,'C2A134',2,4,14,NULL,'2020-02-17 18:21:21','2020-02-17 18:21:21'),(436,'C2A135',2,4,15,NULL,'2020-02-17 18:21:21','2020-02-17 18:21:21'),(437,'C2A136',2,4,16,NULL,'2020-02-17 18:21:21','2020-02-17 18:21:21'),(438,'C2A137',2,4,17,NULL,'2020-02-17 18:21:21','2020-02-17 18:21:21'),(439,'C2A138',2,4,18,NULL,'2020-02-17 18:21:21','2020-02-17 18:21:21'),(440,'C2A139',2,4,19,NULL,'2020-02-17 18:21:21','2020-02-17 18:21:21'),(441,'C2A140',2,4,20,NULL,'2020-02-17 18:21:21','2020-02-17 18:21:21'),(442,'C2A141',2,4,21,NULL,'2020-02-17 18:21:21','2020-02-17 18:21:21'),(443,'C2A142',2,4,22,NULL,'2020-02-17 18:21:21','2020-02-17 18:21:21'),(444,'C2A143',2,4,23,NULL,'2020-02-17 18:21:21','2020-02-17 18:21:21'),(445,'C2A144',2,4,24,NULL,'2020-02-17 18:21:21','2020-02-17 18:21:21'),(446,'C2A145',2,4,25,NULL,'2020-02-17 18:21:21','2020-02-17 18:21:21'),(447,'C2A146',2,4,26,NULL,'2020-02-17 18:21:21','2020-02-17 18:21:21'),(448,'C2A147',2,4,27,NULL,'2020-02-17 18:21:21','2020-02-17 18:21:21'),(449,'C2A148',2,4,28,NULL,'2020-02-17 18:21:21','2020-02-17 18:21:21'),(450,'C2A149',2,4,29,NULL,'2020-02-17 18:21:21','2020-02-17 18:21:21'),(451,'C2A150',2,5,0,NULL,'2020-02-17 18:21:21','2020-02-17 18:21:21'),(452,'C2A151',2,5,1,NULL,'2020-02-17 18:21:21','2020-02-17 18:21:21'),(453,'C2A152',2,5,2,NULL,'2020-02-17 18:21:21','2020-02-17 18:21:21'),(454,'C2A153',2,5,3,NULL,'2020-02-17 18:21:21','2020-02-17 18:21:21'),(455,'C2A154',2,5,4,NULL,'2020-02-17 18:21:21','2020-02-17 18:21:21'),(456,'C2A155',2,5,5,NULL,'2020-02-17 18:21:21','2020-02-17 18:21:21'),(457,'C2A156',2,5,6,NULL,'2020-02-17 18:21:21','2020-02-17 18:21:21'),(458,'C2A157',2,5,7,NULL,'2020-02-17 18:21:21','2020-02-17 18:21:21'),(459,'C2A158',2,5,8,NULL,'2020-02-17 18:21:21','2020-02-17 18:21:21'),(460,'C2A159',2,5,9,NULL,'2020-02-17 18:21:21','2020-02-17 18:21:21'),(461,'C2A160',2,5,10,NULL,'2020-02-17 18:21:21','2020-02-17 18:21:21'),(462,'C2A161',2,5,11,NULL,'2020-02-17 18:21:21','2020-02-17 18:21:21'),(463,'C2A162',2,5,12,NULL,'2020-02-17 18:21:21','2020-02-17 18:21:21'),(464,'C2A163',2,5,13,NULL,'2020-02-17 18:21:21','2020-02-17 18:21:21'),(465,'C2A164',2,5,14,NULL,'2020-02-17 18:21:21','2020-02-17 18:21:21'),(466,'C2A165',2,5,15,NULL,'2020-02-17 18:21:21','2020-02-17 18:21:21'),(467,'C2A166',2,5,16,NULL,'2020-02-17 18:21:21','2020-02-17 18:21:21'),(468,'C2A167',2,5,17,NULL,'2020-02-17 18:21:21','2020-02-17 18:21:21'),(469,'C2A168',2,5,18,NULL,'2020-02-17 18:21:21','2020-02-17 18:21:21'),(470,'C2A169',2,5,19,NULL,'2020-02-17 18:21:21','2020-02-17 18:21:21'),(471,'C2A170',2,5,20,NULL,'2020-02-17 18:21:21','2020-02-17 18:21:21'),(472,'C2A171',2,5,21,NULL,'2020-02-17 18:21:21','2020-02-17 18:21:21'),(473,'C2A172',2,5,22,NULL,'2020-02-17 18:21:21','2020-02-17 18:21:21'),(474,'C2A173',2,5,23,NULL,'2020-02-17 18:21:21','2020-02-17 18:21:21'),(475,'C2A174',2,5,24,NULL,'2020-02-17 18:21:21','2020-02-17 18:21:21'),(476,'C2A175',2,5,25,NULL,'2020-02-17 18:21:21','2020-02-17 18:21:21'),(477,'C2A176',2,5,26,NULL,'2020-02-17 18:21:21','2020-02-17 18:21:21'),(478,'C2A177',2,5,27,NULL,'2020-02-17 18:21:21','2020-02-17 18:21:21'),(479,'C2A178',2,5,28,NULL,'2020-02-17 18:21:21','2020-02-17 18:21:21'),(480,'C2A179',2,5,29,NULL,'2020-02-17 18:21:21','2020-02-17 18:21:21'),(481,'C2A180',2,6,0,NULL,'2020-02-17 18:21:21','2020-02-17 18:21:21'),(482,'C2A181',2,6,1,NULL,'2020-02-17 18:21:21','2020-02-17 18:21:21'),(483,'C2A182',2,6,2,NULL,'2020-02-17 18:21:21','2020-02-17 18:21:21'),(484,'C2A183',2,6,3,NULL,'2020-02-17 18:21:21','2020-02-17 18:21:21'),(485,'C2A184',2,6,4,NULL,'2020-02-17 18:21:21','2020-02-17 18:21:21'),(486,'C2A185',2,6,5,NULL,'2020-02-17 18:21:21','2020-02-17 18:21:21'),(487,'C2A186',2,6,6,NULL,'2020-02-17 18:21:21','2020-02-17 18:21:21'),(488,'C2A187',2,6,7,NULL,'2020-02-17 18:21:21','2020-02-17 18:21:21'),(489,'C2A188',2,6,8,NULL,'2020-02-17 18:21:21','2020-02-17 18:21:21'),(490,'C2A189',2,6,9,NULL,'2020-02-17 18:21:21','2020-02-17 18:21:21'),(491,'C2A190',2,6,10,NULL,'2020-02-17 18:21:21','2020-02-17 18:21:21'),(492,'C2A191',2,6,11,NULL,'2020-02-17 18:21:21','2020-02-17 18:21:21'),(493,'C2A192',2,6,12,NULL,'2020-02-17 18:21:21','2020-02-17 18:21:21'),(494,'C2A193',2,6,13,NULL,'2020-02-17 18:21:21','2020-02-17 18:21:21'),(495,'C2A194',2,6,14,NULL,'2020-02-17 18:21:21','2020-02-17 18:21:21'),(496,'C2A195',2,6,15,NULL,'2020-02-17 18:21:21','2020-02-17 18:21:21'),(497,'C2A196',2,6,16,NULL,'2020-02-17 18:21:21','2020-02-17 18:21:21'),(498,'C2A197',2,6,17,NULL,'2020-02-17 18:21:21','2020-02-17 18:21:21'),(499,'C2A198',2,6,18,NULL,'2020-02-17 18:21:21','2020-02-17 18:21:21'),(500,'C2A199',2,6,19,NULL,'2020-02-17 18:21:21','2020-02-17 18:21:21'),(501,'C2A200',2,6,20,NULL,'2020-02-17 18:21:21','2020-02-17 18:21:21'),(502,'C2A201',2,6,21,NULL,'2020-02-17 18:21:21','2020-02-17 18:21:21'),(503,'C2A202',2,6,22,NULL,'2020-02-17 18:21:21','2020-02-17 18:21:21'),(504,'C2A203',2,6,23,NULL,'2020-02-17 18:21:21','2020-02-17 18:21:21'),(505,'C2A204',2,6,24,NULL,'2020-02-17 18:21:21','2020-02-17 18:21:21'),(506,'C2A205',2,6,25,NULL,'2020-02-17 18:21:21','2020-02-17 18:21:21'),(507,'C2A206',2,6,26,NULL,'2020-02-17 18:21:21','2020-02-17 18:21:21'),(508,'C2A207',2,6,27,NULL,'2020-02-17 18:21:21','2020-02-17 18:21:21'),(509,'C2A208',2,6,28,NULL,'2020-02-17 18:21:21','2020-02-17 18:21:21'),(510,'C2A209',2,6,29,NULL,'2020-02-17 18:21:21','2020-02-17 18:21:21'),(511,'C2A210',2,7,0,NULL,'2020-02-17 18:21:21','2020-02-17 18:21:21'),(512,'C2A211',2,7,1,NULL,'2020-02-17 18:21:21','2020-02-17 18:21:21'),(513,'C2A212',2,7,2,NULL,'2020-02-17 18:21:21','2020-02-17 18:21:21'),(514,'C2A213',2,7,3,NULL,'2020-02-17 18:21:21','2020-02-17 18:21:21'),(515,'C2A214',2,7,4,NULL,'2020-02-17 18:21:21','2020-02-17 18:21:21'),(516,'C2A215',2,7,5,NULL,'2020-02-17 18:21:21','2020-02-17 18:21:21'),(517,'C2A216',2,7,6,NULL,'2020-02-17 18:21:21','2020-02-17 18:21:21'),(518,'C2A217',2,7,7,NULL,'2020-02-17 18:21:21','2020-02-17 18:21:21'),(519,'C2A218',2,7,8,NULL,'2020-02-17 18:21:21','2020-02-17 18:21:21'),(520,'C2A219',2,7,9,NULL,'2020-02-17 18:21:21','2020-02-17 18:21:21'),(521,'C2A220',2,7,10,NULL,'2020-02-17 18:21:21','2020-02-17 18:21:21'),(522,'C2A221',2,7,11,NULL,'2020-02-17 18:21:21','2020-02-17 18:21:21'),(523,'C2A222',2,7,12,NULL,'2020-02-17 18:21:21','2020-02-17 18:21:21'),(524,'C2A223',2,7,13,NULL,'2020-02-17 18:21:21','2020-02-17 18:21:21'),(525,'C2A224',2,7,14,NULL,'2020-02-17 18:21:21','2020-02-17 18:21:21'),(526,'C2A225',2,7,15,NULL,'2020-02-17 18:21:21','2020-02-17 18:21:21'),(527,'C2A226',2,7,16,NULL,'2020-02-17 18:21:21','2020-02-17 18:21:21'),(528,'C2A227',2,7,17,NULL,'2020-02-17 18:21:21','2020-02-17 18:21:21'),(529,'C2A228',2,7,18,NULL,'2020-02-17 18:21:21','2020-02-17 18:21:21'),(530,'C2A229',2,7,19,NULL,'2020-02-17 18:21:21','2020-02-17 18:21:21'),(531,'C2A230',2,7,20,NULL,'2020-02-17 18:21:21','2020-02-17 18:21:21'),(532,'C2A231',2,7,21,NULL,'2020-02-17 18:21:21','2020-02-17 18:21:21'),(533,'C2A232',2,7,22,NULL,'2020-02-17 18:21:21','2020-02-17 18:21:21'),(534,'C2A233',2,7,23,NULL,'2020-02-17 18:21:21','2020-02-17 18:21:21'),(535,'C2A234',2,7,24,NULL,'2020-02-17 18:21:21','2020-02-17 18:21:21'),(536,'C2A235',2,7,25,NULL,'2020-02-17 18:21:21','2020-02-17 18:21:21'),(537,'C2A236',2,7,26,NULL,'2020-02-17 18:21:21','2020-02-17 18:21:21'),(538,'C2A237',2,7,27,NULL,'2020-02-17 18:21:21','2020-02-17 18:21:21'),(539,'C2A238',2,7,28,NULL,'2020-02-17 18:21:21','2020-02-17 18:21:21'),(540,'C2A239',2,7,29,NULL,'2020-02-17 18:21:21','2020-02-17 18:21:21'),(541,'C2A240',2,8,0,NULL,'2020-02-17 18:21:21','2020-02-17 18:21:21'),(542,'C2A241',2,8,1,NULL,'2020-02-17 18:21:21','2020-02-17 18:21:21'),(543,'C2A242',2,8,2,NULL,'2020-02-17 18:21:21','2020-02-17 18:21:21'),(544,'C2A243',2,8,3,NULL,'2020-02-17 18:21:21','2020-02-17 18:21:21'),(545,'C2A244',2,8,4,NULL,'2020-02-17 18:21:21','2020-02-17 18:21:21'),(546,'C2A245',2,8,5,NULL,'2020-02-17 18:21:21','2020-02-17 18:21:21'),(547,'C2A246',2,8,6,NULL,'2020-02-17 18:21:21','2020-02-17 18:21:21'),(548,'C2A247',2,8,7,NULL,'2020-02-17 18:21:21','2020-02-17 18:21:21'),(549,'C2A248',2,8,8,NULL,'2020-02-17 18:21:21','2020-02-17 18:21:21'),(550,'C2A249',2,8,9,NULL,'2020-02-17 18:21:21','2020-02-17 18:21:21'),(551,'C2A250',2,8,10,NULL,'2020-02-17 18:21:21','2020-02-17 18:21:21'),(552,'C2A251',2,8,11,NULL,'2020-02-17 18:21:21','2020-02-17 18:21:21'),(553,'C2A252',2,8,12,NULL,'2020-02-17 18:21:21','2020-02-17 18:21:21'),(554,'C2A253',2,8,13,NULL,'2020-02-17 18:21:21','2020-02-17 18:21:21'),(555,'C2A254',2,8,14,NULL,'2020-02-17 18:21:21','2020-02-17 18:21:21'),(556,'C2A255',2,8,15,NULL,'2020-02-17 18:21:21','2020-02-17 18:21:21'),(557,'C2A256',2,8,16,NULL,'2020-02-17 18:21:21','2020-02-17 18:21:21'),(558,'C2A257',2,8,17,NULL,'2020-02-17 18:21:21','2020-02-17 18:21:21'),(559,'C2A258',2,8,18,NULL,'2020-02-17 18:21:21','2020-02-17 18:21:21'),(560,'C2A259',2,8,19,NULL,'2020-02-17 18:21:21','2020-02-17 18:21:21'),(561,'C2A260',2,8,20,NULL,'2020-02-17 18:21:21','2020-02-17 18:21:21'),(562,'C2A261',2,8,21,NULL,'2020-02-17 18:21:21','2020-02-17 18:21:21'),(563,'C2A262',2,8,22,NULL,'2020-02-17 18:21:21','2020-02-17 18:21:21'),(564,'C2A263',2,8,23,NULL,'2020-02-17 18:21:21','2020-02-17 18:21:21'),(565,'C2A264',2,8,24,NULL,'2020-02-17 18:21:21','2020-02-17 18:21:21'),(566,'C2A265',2,8,25,NULL,'2020-02-17 18:21:21','2020-02-17 18:21:21'),(567,'C2A266',2,8,26,NULL,'2020-02-17 18:21:21','2020-02-17 18:21:21'),(568,'C2A267',2,8,27,NULL,'2020-02-17 18:21:21','2020-02-17 18:21:21'),(569,'C2A268',2,8,28,NULL,'2020-02-17 18:21:21','2020-02-17 18:21:21'),(570,'C2A269',2,8,29,NULL,'2020-02-17 18:21:21','2020-02-17 18:21:21'),(571,'C2A270',2,9,0,NULL,'2020-02-17 18:21:21','2020-02-17 18:21:21'),(572,'C2A271',2,9,1,NULL,'2020-02-17 18:21:21','2020-02-17 18:21:21'),(573,'C2A272',2,9,2,NULL,'2020-02-17 18:21:21','2020-02-17 18:21:21'),(574,'C2A273',2,9,3,NULL,'2020-02-17 18:21:21','2020-02-17 18:21:21'),(575,'C2A274',2,9,4,NULL,'2020-02-17 18:21:21','2020-02-17 18:21:21'),(576,'C2A275',2,9,5,NULL,'2020-02-17 18:21:21','2020-02-17 18:21:21'),(577,'C2A276',2,9,6,NULL,'2020-02-17 18:21:21','2020-02-17 18:21:21'),(578,'C2A277',2,9,7,NULL,'2020-02-17 18:21:21','2020-02-17 18:21:21'),(579,'C2A278',2,9,8,NULL,'2020-02-17 18:21:21','2020-02-17 18:21:21'),(580,'C2A279',2,9,9,NULL,'2020-02-17 18:21:21','2020-02-17 18:21:21'),(581,'C2A280',2,9,10,NULL,'2020-02-17 18:21:21','2020-02-17 18:21:21'),(582,'C2A281',2,9,11,NULL,'2020-02-17 18:21:21','2020-02-17 18:21:21'),(583,'C2A282',2,9,12,NULL,'2020-02-17 18:21:21','2020-02-17 18:21:21'),(584,'C2A283',2,9,13,NULL,'2020-02-17 18:21:21','2020-02-17 18:21:21'),(585,'C2A284',2,9,14,NULL,'2020-02-17 18:21:21','2020-02-17 18:21:21'),(586,'C2A285',2,9,15,NULL,'2020-02-17 18:21:21','2020-02-17 18:21:21'),(587,'C2A286',2,9,16,NULL,'2020-02-17 18:21:21','2020-02-17 18:21:21'),(588,'C2A287',2,9,17,NULL,'2020-02-17 18:21:21','2020-02-17 18:21:21'),(589,'C2A288',2,9,18,NULL,'2020-02-17 18:21:21','2020-02-17 18:21:21'),(590,'C2A289',2,9,19,NULL,'2020-02-17 18:21:21','2020-02-17 18:21:21'),(591,'C2A290',2,9,20,NULL,'2020-02-17 18:21:21','2020-02-17 18:21:21'),(592,'C2A291',2,9,21,NULL,'2020-02-17 18:21:21','2020-02-17 18:21:21'),(593,'C2A292',2,9,22,NULL,'2020-02-17 18:21:21','2020-02-17 18:21:21'),(594,'C2A293',2,9,23,NULL,'2020-02-17 18:21:21','2020-02-17 18:21:21'),(595,'C2A294',2,9,24,NULL,'2020-02-17 18:21:21','2020-02-17 18:21:21'),(596,'C2A295',2,9,25,NULL,'2020-02-17 18:21:21','2020-02-17 18:21:21'),(597,'C2A296',2,9,26,NULL,'2020-02-17 18:21:21','2020-02-17 18:21:21'),(598,'C2A297',2,9,27,NULL,'2020-02-17 18:21:21','2020-02-17 18:21:21'),(599,'C2A298',2,9,28,NULL,'2020-02-17 18:21:21','2020-02-17 18:21:21'),(600,'C2A299',2,9,29,NULL,'2020-02-17 18:21:21','2020-02-17 18:21:21');
/*!40000 ALTER TABLE `TBL_Seat` ENABLE KEYS */;
UNLOCK TABLES;

--
-- Table structure for table `TBL_SeatsBooking`
--

DROP TABLE IF EXISTS `TBL_SeatsBooking`;
/*!40101 SET @saved_cs_client     = @@character_set_client */;
/*!50503 SET character_set_client = utf8mb4 */;
CREATE TABLE `TBL_SeatsBooking` (
  `seat_booking_id` int(11) NOT NULL AUTO_INCREMENT,
  `seat_id` int(11) NOT NULL,
  `booking_id` int(11) NOT NULL,
  `scheduled_live_show_id` int(11) NOT NULL,
  `seat_booking_status` int(11) NOT NULL,
  `created_at` timestamp NOT NULL DEFAULT CURRENT_TIMESTAMP,
  `modified_at` timestamp NOT NULL DEFAULT CURRENT_TIMESTAMP ON UPDATE CURRENT_TIMESTAMP,
  PRIMARY KEY (`seat_booking_id`),
  UNIQUE KEY `TBL_SeatsBooking_uk_1` (`seat_id`,`scheduled_live_show_id`),
  KEY `TBL_SeatsBooking_booking_id_fk_1` (`booking_id`),
  KEY `TBL_SeatsBooking_seat_booking_status_fk_1` (`seat_booking_status`),
  CONSTRAINT `TBL_SeatsBooking_booking_id_fk_1` FOREIGN KEY (`booking_id`) REFERENCES `TBL_ShowBooking` (`booking_id`),
  CONSTRAINT `TBL_SeatsBooking_booking_id_fk_2` FOREIGN KEY (`scheduled_live_show_id`) REFERENCES `TBL_ScheduledLiveShow` (`scheduled_live_show_id`),
  CONSTRAINT `TBL_SeatsBooking_seat_booking_status_fk_3` FOREIGN KEY (`seat_booking_status`) REFERENCES `TBL_StatusMaster` (`status_id`),
  CONSTRAINT `TBL_SeatsBooking_seat_id_fk_4` FOREIGN KEY (`seat_id`) REFERENCES `TBL_Seat` (`seat_id`)
) ENGINE=InnoDB DEFAULT CHARSET=utf8;
/*!40101 SET character_set_client = @saved_cs_client */;

--
-- Dumping data for table `TBL_SeatsBooking`
--

LOCK TABLES `TBL_SeatsBooking` WRITE;
/*!40000 ALTER TABLE `TBL_SeatsBooking` DISABLE KEYS */;
/*!40000 ALTER TABLE `TBL_SeatsBooking` ENABLE KEYS */;
UNLOCK TABLES;

--
-- Table structure for table `TBL_Show`
--

DROP TABLE IF EXISTS `TBL_Show`;
/*!40101 SET @saved_cs_client     = @@character_set_client */;
/*!50503 SET character_set_client = utf8mb4 */;
CREATE TABLE `TBL_Show` (
  `show_id` int(11) NOT NULL AUTO_INCREMENT,
  `show_type` enum('MOVIE','IPL') NOT NULL DEFAULT 'MOVIE',
  `show_name` varchar(256) NOT NULL,
  `show_details` json DEFAULT NULL,
  `created_at` timestamp NOT NULL DEFAULT CURRENT_TIMESTAMP,
  `modified_at` timestamp NOT NULL DEFAULT CURRENT_TIMESTAMP ON UPDATE CURRENT_TIMESTAMP,
  PRIMARY KEY (`show_id`)
) ENGINE=InnoDB AUTO_INCREMENT=6 DEFAULT CHARSET=utf8;
/*!40101 SET character_set_client = @saved_cs_client */;

--
-- Dumping data for table `TBL_Show`
--

LOCK TABLES `TBL_Show` WRITE;
/*!40000 ALTER TABLE `TBL_Show` DISABLE KEYS */;
INSERT INTO `TBL_Show` VALUES (1,'MOVIE','Avenger',NULL,'2020-02-17 18:12:04','2020-02-17 18:12:04'),(2,'MOVIE','Spiderman',NULL,'2020-02-17 18:12:04','2020-02-17 18:12:04'),(3,'MOVIE','Batman',NULL,'2020-02-17 18:12:04','2020-02-17 18:12:04'),(4,'MOVIE','Superman',NULL,'2020-02-17 18:12:04','2020-02-17 18:12:04'),(5,'MOVIE','Wonder Women',NULL,'2020-02-17 18:12:04','2020-02-17 18:12:04');
/*!40000 ALTER TABLE `TBL_Show` ENABLE KEYS */;
UNLOCK TABLES;

--
-- Table structure for table `TBL_ShowBooking`
--

DROP TABLE IF EXISTS `TBL_ShowBooking`;
/*!40101 SET @saved_cs_client     = @@character_set_client */;
/*!50503 SET character_set_client = utf8mb4 */;
CREATE TABLE `TBL_ShowBooking` (
  `booking_id` int(11) NOT NULL AUTO_INCREMENT,
  `customer_id` int(11) NOT NULL,
  `scheduled_live_show_id` int(11) NOT NULL,
  `total_seats_booked` int(11) NOT NULL,
  `convenience_fee` int(11) NOT NULL DEFAULT '0',
  `total_booking_amount` int(11) NOT NULL, -- Amount is in paisa
  `booking_ref_no` varchar(32) NOT NULL,
  `status_id` int(11) NOT NULL,
  `created_at` timestamp NOT NULL DEFAULT CURRENT_TIMESTAMP,
  `modified_at` timestamp NOT NULL DEFAULT CURRENT_TIMESTAMP ON UPDATE CURRENT_TIMESTAMP,
  PRIMARY KEY (`booking_id`),
  UNIQUE KEY `booking_ref_no` (`booking_ref_no`),
  KEY `TBL_ShowBooking_live_show_id_fk_1` (`scheduled_live_show_id`),
  KEY `TBL_ShowBooking_status_id_fk_2` (`status_id`),
  KEY `TBL_ShowBooking_customer_id_fk_3` (`customer_id`),
  CONSTRAINT `TBL_ShowBooking_customer_id_fk_3` FOREIGN KEY (`customer_id`) REFERENCES `TBL_Customer` (`customer_id`),
  CONSTRAINT `TBL_ShowBooking_live_show_id_fk_1` FOREIGN KEY (`scheduled_live_show_id`) REFERENCES `TBL_ScheduledLiveShow` (`scheduled_live_show_id`),
  CONSTRAINT `TBL_ShowBooking_status_id_fk_2` FOREIGN KEY (`status_id`) REFERENCES `TBL_StatusMaster` (`status_id`)
) ENGINE=InnoDB DEFAULT CHARSET=utf8;
/*!40101 SET character_set_client = @saved_cs_client */;

--
-- Dumping data for table `TBL_ShowBooking`
--

LOCK TABLES `TBL_ShowBooking` WRITE;
/*!40000 ALTER TABLE `TBL_ShowBooking` DISABLE KEYS */;
/*!40000 ALTER TABLE `TBL_ShowBooking` ENABLE KEYS */;
UNLOCK TABLES;

--
-- Table structure for table `TBL_ShowBookingStatus`
--

DROP TABLE IF EXISTS `TBL_ShowBookingStatus`;
/*!40101 SET @saved_cs_client     = @@character_set_client */;
/*!50503 SET character_set_client = utf8mb4 */;
CREATE TABLE `TBL_ShowBookingStatus` (
  `show_booking_status_id` int(11) NOT NULL AUTO_INCREMENT,
  `booking_id` int(11) NOT NULL,
  `status_id` int(11) NOT NULL,
  `created_at` timestamp NOT NULL DEFAULT CURRENT_TIMESTAMP,
  `modified_at` timestamp NOT NULL DEFAULT CURRENT_TIMESTAMP ON UPDATE CURRENT_TIMESTAMP,
  PRIMARY KEY (`show_booking_status_id`),
  UNIQUE KEY `TBL_ShowBookingStatus_booking_id_status_uk_1` (`booking_id`,`status_id`),
  KEY `TBL_ShowBookingStatus_status_id_fk_2` (`status_id`),
  CONSTRAINT `TBL_ShowBookingStatus_booking_id_fk_2` FOREIGN KEY (`booking_id`) REFERENCES `TBL_ShowBooking` (`booking_id`),
  CONSTRAINT `TBL_ShowBookingStatus_status_id_fk_2` FOREIGN KEY (`status_id`) REFERENCES `TBL_StatusMaster` (`status_id`)
) ENGINE=InnoDB DEFAULT CHARSET=utf8;
/*!40101 SET character_set_client = @saved_cs_client */;

--
-- Dumping data for table `TBL_ShowBookingStatus`
--

LOCK TABLES `TBL_ShowBookingStatus` WRITE;
/*!40000 ALTER TABLE `TBL_ShowBookingStatus` DISABLE KEYS */;
/*!40000 ALTER TABLE `TBL_ShowBookingStatus` ENABLE KEYS */;
UNLOCK TABLES;

--
-- Table structure for table `TBL_StatusMaster`
--

DROP TABLE IF EXISTS `TBL_StatusMaster`;
/*!40101 SET @saved_cs_client     = @@character_set_client */;
/*!50503 SET character_set_client = utf8mb4 */;
CREATE TABLE `TBL_StatusMaster` (
  `status_id` int(11) NOT NULL AUTO_INCREMENT,
  `status` varchar(32) NOT NULL,
  PRIMARY KEY (`status_id`)
) ENGINE=InnoDB AUTO_INCREMENT=5 DEFAULT CHARSET=utf8;
/*!40101 SET character_set_client = @saved_cs_client */;

--
-- Dumping data for table `TBL_StatusMaster`
--

LOCK TABLES `TBL_StatusMaster` WRITE;
/*!40000 ALTER TABLE `TBL_StatusMaster` DISABLE KEYS */;
INSERT INTO `TBL_StatusMaster` VALUES (1,'SUCCESS'),(2,'FAILED'),(3,'INPROGRESS'),(4,'INITIATED');
/*!40000 ALTER TABLE `TBL_StatusMaster` ENABLE KEYS */;
UNLOCK TABLES;
/*!40103 SET TIME_ZONE=@OLD_TIME_ZONE */;

/*!40101 SET SQL_MODE=@OLD_SQL_MODE */;
/*!40014 SET FOREIGN_KEY_CHECKS=@OLD_FOREIGN_KEY_CHECKS */;
/*!40014 SET UNIQUE_CHECKS=@OLD_UNIQUE_CHECKS */;
/*!40101 SET CHARACTER_SET_CLIENT=@OLD_CHARACTER_SET_CLIENT */;
/*!40101 SET CHARACTER_SET_RESULTS=@OLD_CHARACTER_SET_RESULTS */;
/*!40101 SET COLLATION_CONNECTION=@OLD_COLLATION_CONNECTION */;
/*!40111 SET SQL_NOTES=@OLD_SQL_NOTES */;

-- Dump completed on 2020-02-17 23:52:42
